src,dest
Antoine de Rivarol,François-René de Chateaubriand
Antoine de Rivarol,Charles Baudelaire
Antoine de Rivarol,Léon Bloy
Robert Desnos,Tristan Tzara
Michel Leiris,Robert Desnos
Louis Aragon,Robert Desnos
Francis Picabia,Robert Desnos
René Daumal,Robert Desnos
Antonin Artaud,Robert Desnos
Paul Éluard,Robert Desnos
Alfred Jarry,Robert Desnos
Jacques Prévert,Robert Desnos
Julien Gracq,Robert Desnos
Francis Ponge,Robert Desnos
Guillaume Apollinaire,Robert Desnos
Philippe Soupault,Robert Desnos
Arthur Rimbaud,Robert Desnos
André Breton,Robert Desnos
Charles Baudelaire,Robert Desnos
Raymond Queneau,Robert Desnos
Pierre Reverdy,Robert Desnos
Christine de Pizan,Guillaume de Machaut
Chrétien de Troyes,Guillaume de Machaut
Marcel Proust,Robert Desnos
Marcel Proust,Paul Valéry
Marcel Proust,Tristan Tzara
Elsa Triolet,Marcel Proust
Francis Picabia,Marcel Proust
Blaise Cendrars,Marcel Proust
Antonin Artaud,Marcel Proust
Anatole France,Marcel Proust
Jean Lorrain,Marcel Proust
Marcel Proust,Paul Éluard
Alfred Jarry,Marcel Proust
Julien Gracq,Marcel Proust
Marcel Proust,Maurice Maeterlinck
Marcel Proust,Maurice Genevoix
Marcel Proust,Max Jacob
Marcel Proust,Robert de Montesquiou
Marcel Proust,Tahar Ben Jelloun
Guillaume Apollinaire,Marcel Proust
Jean Cocteau,Marcel Proust
Georges Duhamel,Marcel Proust
Jacques Laurent,Marcel Proust
Marcel Proust,Stéphane Mallarmé
Hervé Le Tellier,Marcel Proust
Marcel Proust,Éric Vuillard
André Breton,Marcel Proust
Marcel Proust,René Maran
Béatrix Beck,Marcel Proust
Blaise Cendrars,Philippe Léotard
Léo Ferré,Philippe Léotard
Anatole France,Paul Valéry
Paul Valéry,Stéphane Mallarmé
Alphonse de Lamartine,Théophile Gautier
Alphonse de Lamartine,Paul Verlaine
Alphonse de Lamartine,Frédéric Mistral
Alphonse de Lamartine,Victor Hugo
Alphonse de Lamartine,Gérard de Nerval
Aloysius Bertrand,Alphonse de Lamartine
Alphonse de Lamartine,Voltaire
Alphonse de Lamartine,Edgar Quinet
Alfred de Musset,Alphonse de Lamartine
Alfred de Vigny,Alphonse de Lamartine
Alphonse de Lamartine,Charles Nodier
Alphonse de Lamartine,François-René de Chateaubriand
Alphonse de Lamartine,Charles Baudelaire
Paul Verlaine,Tristan Corbière
Charles Baudelaire,Tristan Corbière
Paul Déroulède,Victor Hugo
Abel Bonnard,Paul Déroulède
Paul Déroulède,Robert Brasillach
Paul Valéry,Tristan Tzara
Tristan Corbière,Tristan Tzara
Michel Leiris,Tristan Tzara
Louis Aragon,Tristan Tzara
Elsa Triolet,Tristan Tzara
Isidore Isou,Tristan Tzara
Francis Picabia,Tristan Tzara
René Daumal,Tristan Tzara
Antonin Artaud,Tristan Tzara
René Char,Tristan Tzara
Paul Éluard,Tristan Tzara
Alfred Jarry,Tristan Tzara
Jules Laforgue,Tristan Tzara
Raymond Radiguet,Tristan Tzara
Jacques Prévert,Tristan Tzara
Julien Gracq,Tristan Tzara
Maurice Maeterlinck,Tristan Tzara
François Villon,Tristan Tzara
Francis Ponge,Tristan Tzara
Guillaume Apollinaire,Tristan Tzara
Jean Cocteau,Tristan Tzara
Philippe Soupault,Tristan Tzara
Arthur Rimbaud,Tristan Tzara
André Breton,Tristan Tzara
Charles Baudelaire,Tristan Tzara
Raymond Queneau,Tristan Tzara
Pierre Reverdy,Tristan Tzara
Jean Amrouche,Taos Amrouche
Louis Aragon,Michel Leiris
Michel Leiris,René Daumal
Antonin Artaud,Michel Leiris
Michel Leiris,Paul Éluard
Alfred Jarry,Michel Leiris
Jacques Prévert,Michel Leiris
Julien Gracq,Michel Leiris
Francis Ponge,Michel Leiris
Max Jacob,Michel Leiris
Guillaume Apollinaire,Michel Leiris
Michel Leiris,Philippe Soupault
André Breton,Michel Leiris
Michel Leiris,Raymond Queneau
Michel Leiris,Pierre Reverdy
Marcel Proust,Théophile Gautier
Judith Gautier,Théophile Gautier
Paul Verlaine,Théophile Gautier
Théophile Gautier,Victor Hugo
Anatole France,Théophile Gautier
Gérard de Nerval,Théophile Gautier
Aloysius Bertrand,Théophile Gautier
François Villon,Théophile Gautier
Edgar Quinet,Théophile Gautier
Alfred de Musset,Théophile Gautier
Alfred de Vigny,Théophile Gautier
Charles-Augustin Sainte-Beuve,Théophile Gautier
Charles Nodier,Théophile Gautier
François-René de Chateaubriand,Théophile Gautier
Charles Baudelaire,Théophile Gautier
François Coppée,Théodore Botrel
Edmond Rostand,Théodore Botrel
Anatole Le Braz,Théodore Botrel
François de Malherbe,Théophile de Viau
Louis Aragon,Édouard Glissant
Aimé Césaire,Édouard Glissant
René Depestre,Édouard Glissant
Michel Butor,Édouard Glissant
Alain Mabanckou,Édouard Glissant
Catulle Mendès,Judith Gautier
Jean Cocteau,Minou Drouet
Elsa Triolet,Louis Aragon
Louis Aragon,René Daumal
Antonin Artaud,Louis Aragon
Louis Aragon,René Char
Louis Aragon,Paul Éluard
Alfred Jarry,Louis Aragon
Jacques Prévert,Louis Aragon
Julien Gracq,Louis Aragon
Louis Aragon,Léo Ferré
Francis Ponge,Louis Aragon
Louis Aragon,René Depestre
Jean Ferrat,Louis Aragon
Guillaume Apollinaire,Louis Aragon
Louis Aragon,Michel Butor
Louis Aragon,Philippe Soupault
André Breton,Louis Aragon
Louis Aragon,Raymond Queneau
Alain Mabanckou,Louis Aragon
Louis Aragon,Pierre Reverdy
Elsa Triolet,Julien Gracq
Elsa Triolet,Maurice Genevoix
Elsa Triolet,Tahar Ben Jelloun
Elsa Triolet,Georges Duhamel
Elsa Triolet,Jacques Laurent
Elsa Triolet,Hervé Le Tellier
Elsa Triolet,Éric Vuillard
Elsa Triolet,René Maran
Béatrix Beck,Elsa Triolet
Arsène Houssaye,Théophile Gautier
Charles Juliet,Michel Leiris
André Chénier,Victor Hugo
Anatole France,André Chénier
André Chénier,Louis Antoine de Saint-Just
André Chénier,Voltaire
Alfred de Vigny,André Chénier
André Chénier,François-René de Chateaubriand
Henry de Montherlant,Louis Aragon
Henry de Montherlant,Jean-Pierre Claris de Florian
Henry de Montherlant,Jean Cocteau
André Breton,Malcolm de Chazal
Isidore Isou,Jean Cocteau
Isidore Isou,Raymond Queneau
Théodore de Banville,Victor Hugo
Alfred de Vigny,Théodore de Banville
Francis Picabia,Louis Aragon
Francis Picabia,Paul Éluard
Alfred Jarry,Francis Picabia
Francis Picabia,Guillaume Apollinaire
Francis Picabia,Marie Laurencin
Francis Picabia,Philippe Soupault
André Breton,Francis Picabia
Maurice Maeterlinck,Paul-Jean Toulet
Guy Goffette,Paul Verlaine
Guy Goffette,Yves Bonnefoy
Kateb Yacine,Édouard Glissant
Blaise Cendrars,Robert Desnos
Blaise Cendrars,Paul Valéry
Blaise Cendrars,Tristan Tzara
Blaise Cendrars,Francis Picabia
Antonin Artaud,Blaise Cendrars
Blaise Cendrars,Paul Éluard
Alfred Jarry,Blaise Cendrars
Blaise Cendrars,Maurice Maeterlinck
Blaise Cendrars,Max Jacob
Blaise Cendrars,Remy de Gourmont
Blaise Cendrars,Guillaume Apollinaire
Blaise Cendrars,Jean Cocteau
Blaise Cendrars,Stéphane Mallarmé
André Breton,Blaise Cendrars
Aimé Césaire,Jules Romains
Abel Bonnard,Jules Romains
Georges Duhamel,Jules Romains
Fadhma Aït Mansour Amrouche,Jean Amrouche
Fadhma Aït Mansour Amrouche,Taos Amrouche
François Cheng,Victor Segalen
François Cheng,Henri Michaux
François Cheng,Maurice Genevoix
Anne Hébert,François Cheng
Antoine de Saint-Exupéry,François Cheng
André Chénier,José-Maria de Heredia
José-Maria de Heredia,Paul Verlaine
François Coppée,José-Maria de Heredia
Alfred de Musset,José-Maria de Heredia
Louise Labé,Maurice Scève
Clément Marot,Maurice Scève
Paul Valéry,Paul Verlaine
Paul Verlaine,Théodore de Banville
Antonin Artaud,Paul Verlaine
Anatole France,Paul Verlaine
François Coppée,Paul Verlaine
Charles Cros,Paul Verlaine
Aloysius Bertrand,Paul Verlaine
Léo Ferré,Paul Verlaine
Leconte de Lisle,Paul Verlaine
Catulle Mendès,Paul Verlaine
Paul Verlaine,Stéphane Mallarmé
Arthur Rimbaud,Paul Verlaine
Charles Baudelaire,Paul Verlaine
Aimé Césaire,Jacques Roubaud
Aimé Césaire,Julien Gracq
Aimé Césaire,Léopold Sédar Senghor
Aimé Césaire,René Depestre
Aimé Césaire,André Breton
André Breton,René Daumal
Anatole France,Frédéric Mistral
Alphonse Daudet,Frédéric Mistral
Frédéric Mistral,Sully Prudhomme
Frédéric Mistral,Maurice Maeterlinck
Frédéric Mistral,Saint-John Perse
François Mauriac,Frédéric Mistral
Jean de La Fontaine,Molière
Jean Racine,Molière
Molière,Pierre Corneille
Germain Nouveau,Louis Aragon
Germain Nouveau,Paul Verlaine
Arthur Rimbaud,Germain Nouveau
Charles Aznavour,Jean Cocteau
Charles Aznavour,Serge Gainsbourg
Gérard de Nerval,Victor Hugo
Thomas Corneille,Victor Hugo
Aloysius Bertrand,Victor Hugo
Victor Hugo,Voltaire
Edgar Quinet,Victor Hugo
Leconte de Lisle,Victor Hugo
Alfred de Musset,Victor Hugo
Alfred de Vigny,Victor Hugo
Charles Nodier,Victor Hugo
François-René de Chateaubriand,Victor Hugo
Clément Marot,Victor Hugo
Charles Baudelaire,Victor Hugo
Pierre Corneille,Victor Hugo
Lucie Delarue-Mardrus,Natalie Clifford Barney
Lucie Delarue-Mardrus,Renée Vivien
Antonin Artaud,Paul Valéry
Antonin Artaud,René Daumal
Antonin Artaud,René Char
Antonin Artaud,Paul Éluard
Alfred Jarry,Antonin Artaud
Antonin Artaud,Jacques Prévert
Antonin Artaud,Julien Gracq
Antonin Artaud,Francis Ponge
Antonin Artaud,Guillaume Apollinaire
Antonin Artaud,Jean Cocteau
Antonin Artaud,Stéphane Mallarmé
Antonin Artaud,Philippe Soupault
Antonin Artaud,Arthur Rimbaud
André Breton,Antonin Artaud
Antonin Artaud,Charles Baudelaire
Antonin Artaud,Raymond Queneau
Antonin Artaud,Pierre Reverdy
Antonin Artaud,Jean Genet
Gérard de Nerval,René Char
Paul Éluard,René Char
François Villon,René Char
Alfred de Vigny,René Char
Jean Racine,René Char
André Breton,René Char
Charles Baudelaire,René Char
Anatole France,Sully Prudhomme
Anatole France,Maurice Maeterlinck
Alfred de Vigny,Anatole France
Anatole France,Saint-John Perse
Anatole France,François Mauriac
Pierre de Ronsard,Victor Hugo
Clément Marot,Pierre de Ronsard
François de Malherbe,Pierre de Ronsard
Pierre Corneille,Pierre de Ronsard
Louise de Vilmorin,Paul Éluard
Louise de Vilmorin,Max Jacob
Jean Cocteau,Louise de Vilmorin
Louise de Vilmorin,Marie Laurencin
Antoine de Saint-Exupéry,Louise de Vilmorin
Boris Vian,Léo Ferré
Boris Vian,Serge Gainsbourg
Boris Vian,Raymond Queneau
Louis Aragon,Madeleine Riffaud
Kateb Yacine,Madeleine Riffaud
Madeleine Riffaud,Paul Éluard
Jean Richepin,Paul Verlaine
Arthur Rimbaud,Jean Richepin
Gérard de Nerval,Marcel Proust
Arsène Houssaye,Gérard de Nerval
Antonin Artaud,Gérard de Nerval
Gérard de Nerval,Pierre de Ronsard
Aloysius Bertrand,Gérard de Nerval
Edgar Quinet,Gérard de Nerval
Alfred de Musset,Gérard de Nerval
Alfred de Vigny,Gérard de Nerval
Charles Nodier,Gérard de Nerval
François-René de Chateaubriand,Gérard de Nerval
André Breton,Gérard de Nerval
Charles Baudelaire,Gérard de Nerval
Charles Aznavour,Pierre Garnier
Pierre Garnier,Pierre Garnier
Paul Éluard,René Daumal
Alfred Jarry,Paul Éluard
Jacques Prévert,Paul Éluard
Julien Gracq,Paul Éluard
Francis Ponge,Paul Éluard
Guillaume Apollinaire,Paul Éluard
Paul Éluard,Robert Sabatier
Paul Éluard,Philippe Soupault
André Breton,Paul Éluard
Paul Éluard,Raymond Queneau
Paul Éluard,Pierre Reverdy
Birago Diop,Victor Hugo
Birago Diop,Charles Baudelaire
Charles Péguy,Robert Brasillach
Alphonse de Lamartine,Louis Antoine de Saint-Just
Louis Antoine de Saint-Just,Victor Hugo
Louis Antoine de Saint-Just,Voltaire
Louis Antoine de Saint-Just,Léopold Sédar Senghor
Alfred de Vigny,Louis Antoine de Saint-Just
François-René de Chateaubriand,Louis Antoine de Saint-Just
Fabre d'Églantine,Louis Antoine de Saint-Just
Jacques Roubaud,Julien Gracq
Jacques Roubaud,Raymond Queneau
Thomas Corneille,Voltaire
Leconte de Lisle,Thomas Corneille
Jean Racine,Thomas Corneille
Pierre Corneille,Thomas Corneille
Alfred Jarry,Paul Valéry
Alfred Jarry,Maurice Maeterlinck
Alfred Jarry,Max Jacob
Alfred Jarry,Remy de Gourmont
Alfred Jarry,Guillaume Apollinaire
Alfred Jarry,Jean Cocteau
Alfred Jarry,Stéphane Mallarmé
Alfred Jarry,André Breton
Jules Laforgue,Paul Bourget
Arthur Rimbaud,Jules Laforgue
Brigitte Fontaine,Serge Gainsbourg
Brigitte Fontaine,Jean Genet
Anatole France,François Coppée
Alfred de Musset,François Coppée
Arthur Rimbaud,François Coppée
Marcel Proust,Natalie Clifford Barney
Natalie Clifford Barney,Paul Valéry
Louis Aragon,Natalie Clifford Barney
Anatole France,Natalie Clifford Barney
Natalie Clifford Barney,Renée Vivien
Natalie Clifford Barney,Pierre Louÿs
Max Jacob,Natalie Clifford Barney
Natalie Clifford Barney,Paul Claudel
Natalie Clifford Barney,Remy de Gourmont
Jean Cocteau,Natalie Clifford Barney
Marie Laurencin,Natalie Clifford Barney
Pierre-Jean de Béranger,Victor Hugo
Claude Joseph Rouget de Lisle,Pierre-Jean de Béranger
Pierre-Jean de Béranger,Voltaire
François-René de Chateaubriand,Pierre-Jean de Béranger
Jean Racine,Pierre-Jean de Béranger
Beata Umubyeyi Mairesse,Étienne de La Boétie
Alphonse Allais,Charles Cros
Charles Cros,Stéphane Mallarmé
Arthur Rimbaud,Charles Cros
Christophe Maé,Jean-Louis Aubert
Madeleine de Scudéry,Molière
Madeleine de Scudéry,Natalie Clifford Barney
Madeleine de Scudéry,Paul Scarron
Edmond Rostand,Victor Hugo
Edmond Rostand,Maurice Rostand
Edmond Rostand,Jean Cocteau
Edmond Rostand,Rosemonde Gérard
Charles Aznavour,Jacques Brel
Jacques Brel,Voltaire
Félix Leclerc,Jacques Brel
Jacques Brel,Serge Gainsbourg
Max Jacob,Raymond Radiguet
Jean Cocteau,Raymond Radiguet
François Mauriac,Raymond Radiguet
Max Jacob,Pierre Mac Orlan
Guillaume Apollinaire,Pierre Mac Orlan
Francis Carco,Pierre Mac Orlan
Jacques Prévert,René Daumal
Alfred Jarry,Jacques Prévert
Jacques Prévert,Julien Gracq
Francis Ponge,Jacques Prévert
Guillaume Apollinaire,Jacques Prévert
Jacques Prévert,Philippe Soupault
Jacques Prévert,Serge Gainsbourg
André Breton,Jacques Prévert
Jacques Prévert,Raymond Queneau
Jacques Prévert,Pierre Reverdy
Aloysius Bertrand,Arsène Houssaye
Aloysius Bertrand,Théodore de Banville
Aloysius Bertrand,Max Jacob
Aloysius Bertrand,Edgar Quinet
Alfred de Musset,Aloysius Bertrand
Alfred de Vigny,Aloysius Bertrand
Aloysius Bertrand,Charles Nodier
Aloysius Bertrand,François-René de Chateaubriand
Aloysius Bertrand,Stéphane Mallarmé
Aloysius Bertrand,André Breton
Aloysius Bertrand,Charles Baudelaire
Julien Gracq,Maurice Genevoix
Julien Gracq,Tahar Ben Jelloun
Georges Duhamel,Julien Gracq
Jacques Laurent,Julien Gracq
Hervé Le Tellier,Julien Gracq
Julien Gracq,Éric Vuillard
André Breton,Julien Gracq
Julien Gracq,René Maran
Béatrix Beck,Julien Gracq
Chrétien de Troyes,Rutebeuf
Léo Ferré,Rutebeuf
Aimé Césaire,Annie Le Brun
Alfred Jarry,Annie Le Brun
André Breton,Annie Le Brun
Annie Le Brun,Hélène Cixous
Abdellatif Laâbi,Mohammed Khaïr-Eddine
Abdellatif Laâbi,Tahar Ben Jelloun
Léopold Sédar Senghor,Yves Bonnefoy
Jean-Pierre Siméon,Yves Bonnefoy
Jacques Brel,Mylène Farmer
Arthur Rimbaud,Mylène Farmer
Charles Baudelaire,Mylène Farmer
Mylène Farmer,Pierre Reverdy
Anatole France,Paul Bourget
Paul Bourget,Voltaire
François-René de Chateaubriand,Voltaire
Voltaire,Étienne de La Boétie
Jacques Réda,Valery Larbaud
Paul Valéry,Robert Brasillach
Abel Bonnard,Robert Brasillach
Max Jacob,Robert Brasillach
Paul Claudel,Robert Brasillach
Jean Cocteau,Robert Brasillach
François Mauriac,Robert Brasillach
Charles Ferdinand Ramuz,Philippe Jaccottet
Jean-Pierre Siméon,Léopold Sédar Senghor
Georges Duhamel,Paul Léautaud
Charles Aznavour,Grand Corps Malade
Clément Marot,Louise Labé
Jean de La Fontaine,Louise Labé
Paul Scarron,Théophile Gautier
Molière,Paul Scarron
Claude Nougaro,Jacques Audiberti
José-Maria de Heredia,Sully Prudhomme
Maurice Maeterlinck,Sully Prudhomme
Saint-John Perse,Sully Prudhomme
François Mauriac,Sully Prudhomme
Jean de La Fontaine,Sully Prudhomme
Jean Lorrain,Maurice Maeterlinck
Maurice Maeterlinck,Saint-John Perse
François Mauriac,Maurice Maeterlinck
Maurice Maeterlinck,Paul Fort
Clément Marot,François Villon
Jacques Brel,Léo Ferré
Arthur Rimbaud,Léo Ferré
Francis Ponge,René Daumal
Alfred Jarry,Francis Ponge
Francis Ponge,Julien Gracq
Francis Ponge,Guillaume Apollinaire
Francis Ponge,Philippe Soupault
André Breton,Francis Ponge
Francis Ponge,Raymond Queneau
Francis Ponge,Pierre Reverdy
Louise Colet,Victor Hugo
Alfred de Musset,Louise Colet
Maurice Genevoix,Tahar Ben Jelloun
Jean Cocteau,Maurice Genevoix
Georges Duhamel,Maurice Genevoix
Jacques Laurent,Maurice Genevoix
Françoise Sagan,Maurice Genevoix
Hervé Le Tellier,Maurice Genevoix
Maurice Genevoix,Éric Vuillard
Maurice Genevoix,René Maran
Béatrix Beck,Maurice Genevoix
Léopold Sédar Senghor,René Depestre
Michel Butor,René Depestre
Henri Lopes,René Depestre
Léon-Gontran Damas,René Depestre
André Breton,René Depestre
Alain Mabanckou,René Depestre
Guillaume Apollinaire,Max Jacob
Jean Cocteau,Max Jacob
Alfred de Musset,Edgar Quinet
Alfred de Vigny,Edgar Quinet
Charles Nodier,Edgar Quinet
Edgar Quinet,François-René de Chateaubriand
Charles Baudelaire,Edgar Quinet
Paul Verlaine,Robert de Montesquiou
Alphonse Daudet,Robert de Montesquiou
Marceline Desbordes-Valmore,Robert de Montesquiou
Anna de Noailles,Robert de Montesquiou
Robert de Montesquiou,Stéphane Mallarmé
Molière,Nicolas Boileau
Charles Perrault,Nicolas Boileau
Jean Racine,Nicolas Boileau
François de Malherbe,Nicolas Boileau
Charles Aznavour,Serge Venturini
René Char,Serge Venturini
Abdellatif Laâbi,Serge Venturini
Serge Venturini,Yves Bonnefoy
Arthur Rimbaud,Serge Venturini
Pierre Reverdy,Serge Venturini
Alphonse de Lamartine,Leconte de Lisle
Judith Gautier,Leconte de Lisle
José-Maria de Heredia,Leconte de Lisle
Leconte de Lisle,Pierre-Jean de Béranger
Leconte de Lisle,Robert de Montesquiou
Alfred de Vigny,Leconte de Lisle
Charles Baudelaire,Leconte de Lisle
Leconte de Lisle,Pierre Corneille
Pierre François Lacenaire,Théophile Gautier
Jacques Prévert,Pierre François Lacenaire
Alfred de Musset,Alfred de Vigny
Alfred de Musset,Charles Nodier
Alfred de Musset,François-René de Chateaubriand
Alfred de Musset,Arthur Rimbaud
Alfred de Musset,Charles Baudelaire
Marceline Desbordes-Valmore,Paul Verlaine
Marceline Desbordes-Valmore,Pierre-Augustin Caron de Beaumarchais
Jean Cocteau,Maurice Rostand
Maurice Rostand,Rosemonde Gérard
Paul Claudel,Victor Segalen
Henry de Montherlant,Paul Claudel
Charles Péguy,Paul Claudel
Paul Claudel,Saint-John Perse
Paul Claudel,Stéphane Mallarmé
Arthur Rimbaud,Paul Claudel
Jean Racine,Paul Claudel
Jean-Pierre Claris de Florian,Voltaire
Hervé Bazin,Paul Valéry
François Villon,Hervé Bazin
Francis Carco,Hervé Bazin
Catulle Mendès,Théophile Gautier
Félix Leclerc,Gilles Vigneault
Léopold Sédar Senghor,Tahar Ben Jelloun
Georges Duhamel,Tahar Ben Jelloun
Jacques Laurent,Tahar Ben Jelloun
Philippe Jaccottet,Tahar Ben Jelloun
Hervé Le Tellier,Tahar Ben Jelloun
Tahar Ben Jelloun,Éric Vuillard
Tahar Ben Jelloun,Tahar Djaout
René Maran,Tahar Ben Jelloun
Béatrix Beck,Tahar Ben Jelloun
Guillaume Apollinaire,Remy de Gourmont
Pierre de Ronsard,Théodore Agrippa d'Aubigné
Guillaume Apollinaire,Paul Valéry
Guillaume Apollinaire,Maurice Maeterlinck
Guillaume Apollinaire,Léo Ferré
Guillaume Apollinaire,Jean Cocteau
Guillaume Apollinaire,Marie Laurencin
Guillaume Apollinaire,Stéphane Mallarmé
Guillaume Apollinaire,Philippe Soupault
Arthur Rimbaud,Guillaume Apollinaire
André Breton,Guillaume Apollinaire
Guillaume Apollinaire,Pierre Reverdy
Eugène Pottier,Pierre-Jean de Béranger
Eugène Pottier,Léopold Sédar Senghor
Saint-Pol-Roux,Victor Segalen
Louis Aragon,Saint-Pol-Roux
Saint-Pol-Roux,Stéphane Mallarmé
André Breton,Saint-Pol-Roux
Fernando Arrabal,Tristan Tzara
Fernando Arrabal,Michel Leiris
Fernando Arrabal,Victor Hugo
Boris Vian,Fernando Arrabal
Alfred Jarry,Fernando Arrabal
Fernando Arrabal,Jacques Prévert
Arthur Rimbaud,Fernando Arrabal
André Breton,Fernando Arrabal
Fernando Arrabal,Raymond Queneau
Francis Jammes,Paul Claudel
Francis Jammes,Henri de Régnier
Francis Jammes,Stéphane Mallarmé
Anna de Noailles,Marcel Proust
Anna de Noailles,Paul Valéry
Anna de Noailles,Frédéric Mistral
Anna de Noailles,Max Jacob
Anna de Noailles,Francis Jammes
Anna de Noailles,Jean Cocteau
Charles-Augustin Sainte-Beuve,Marcel Proust
Charles-Augustin Sainte-Beuve,Victor Hugo
Anne Hébert,Antoine de Saint-Exupéry
Jean Racine,Louis-Sébastien Mercier
Alfred de Vigny,Charles Nodier
Charles Nodier,François-René de Chateaubriand
Charles Baudelaire,Charles Nodier
Gaston Bachelard,Hélène Cixous
François-René de Chateaubriand,Paul Claudel
Alfred de Vigny,François-René de Chateaubriand
Charles Baudelaire,François-René de Chateaubriand
François-René de Chateaubriand,Léon Bloy
Jean Cocteau,Louis Aragon
Françoise Sagan,Jean Cocteau
Jean Cocteau,Marie Laurencin
André Breton,Jean Cocteau
Jean Cocteau,Jean Genet
Georges Duhamel,Jacques Laurent
Georges Duhamel,Hervé Le Tellier
Georges Duhamel,Éric Vuillard
Georges Duhamel,René Maran
Béatrix Beck,Georges Duhamel
Henri de Régnier,Stéphane Mallarmé
Henri de Régnier,Marie de Heredia
Henri Michaux,Michel Butor
Gaston Bachelard,Michel Butor
Arthur Rimbaud,Michel Butor
Charles Baudelaire,Michel Butor
Alain Mabanckou,Michel Butor
Hervé Le Tellier,Jacques Laurent
Jacques Laurent,Éric Vuillard
Jacques Laurent,René Maran
Béatrix Beck,Jacques Laurent
Gaston Miron,Julos Beaucarne
Julos Beaucarne,Paul Verlaine
Julos Beaucarne,Victor Hugo
Jules Supervielle,Paul Valéry
Jules Supervielle,René Char
Jacques Réda,Jules Supervielle
Henri Michaux,Jules Supervielle
Francis Ponge,Jules Supervielle
Jules Supervielle,Saint-John Perse
Jules Supervielle,Philippe Jaccottet
Marcel Proust,Saint-John Perse
Jules Romains,Saint-John Perse
René Char,Saint-John Perse
Saint-John Perse,Valery Larbaud
Francis Jammes,Saint-John Perse
Jean Cocteau,Saint-John Perse
Georges Duhamel,Saint-John Perse
François Mauriac,Saint-John Perse
André Breton,Saint-John Perse
André Suarès,Paul Valéry
André Suarès,Charles Péguy
André Suarès,Paul Claudel
Pierre de Ronsard,Étienne de La Boétie
Paul Verlaine,Émile Nelligan
Arthur Rimbaud,Émile Nelligan
Charles Baudelaire,Émile Nelligan
François Xavier,François Xavier
François Xavier,Léon Bloy
Alphonse Allais,Voltaire
Françoise Sagan,Marcel Proust
Françoise Sagan,Molière
Blaise Cendrars,Marie Laurencin
Marie Laurencin,Max Jacob
Marie Laurencin,Pierre Reverdy
Antoine de Rivarol,Sébastien-Roch Nicolas de Chamfort
Molière,Sébastien-Roch Nicolas de Chamfort
Sébastien-Roch Nicolas de Chamfort,Voltaire
Jules Supervielle,Vénus Khoury-Ghata
François Mauriac,René de Obaldia
Antoine de Saint-Exupéry,François Mauriac
Francis Carco,François Mauriac
Blaise Cendrars,Philippe Jaccottet
Andrée Chedid,Louise Labé
Paul Fort,Paul Valéry
Paul Fort,Théodore de Banville
Paul Fort,Paul Verlaine
Alfred Jarry,Paul Fort
Paul Fort,Pierre Louÿs
Catulle Mendès,Paul Fort
Paul Fort,Remy de Gourmont
Guillaume Apollinaire,Paul Fort
Paul Fort,Stéphane Mallarmé
Marc-Édouard Nabe,Serge Gainsbourg
Léon Bloy,Marc-Édouard Nabe
Louis Calaferte,Paul Léautaud
Aimé Césaire,Léon-Gontran Damas
Henry de Montherlant,Marie Noël
Jean Cocteau,Marie Noël
François Mauriac,Marie Noël
Jules Renard,Stéphane Mallarmé
Charles Baudelaire,Stéphane Mallarmé
Hervé Le Tellier,Jacques Roubaud
Hervé Le Tellier,Éric Vuillard
Hervé Le Tellier,Raymond Queneau
Hervé Le Tellier,René Maran
Béatrix Beck,Hervé Le Tellier
André Chénier,Fabre d'Églantine
Fabre d'Églantine,Molière
Fabre d'Églantine,Voltaire
Fabre d'Églantine,François-René de Chateaubriand
René Maran,Éric Vuillard
Béatrix Beck,Éric Vuillard
Philippe Soupault,René Daumal
Alfred Jarry,Philippe Soupault
Julien Gracq,Philippe Soupault
André Breton,Philippe Soupault
Philippe Soupault,Raymond Queneau
Philippe Soupault,Pierre Reverdy
Molière,Pierre-Augustin Caron de Beaumarchais
Pierre-Augustin Caron de Beaumarchais,Voltaire
MC Solaar,Serge Gainsbourg
Guillaume Apollinaire,Serge Gainsbourg
Charles Baudelaire,Serge Gainsbourg
Charles Perrault,Jean de La Fontaine
Jean Racine,Jean de La Fontaine
François de Malherbe,Jean de La Fontaine
Marie de Heredia,Paul Valéry
José-Maria de Heredia,Marie de Heredia
Anatole France,Marie de Heredia
Marie de Heredia,Paul Bourget
Marie de Heredia,Pierre Louÿs
Leconte de Lisle,Marie de Heredia
Anna de Noailles,Marie de Heredia
Marie de Heredia,Stéphane Mallarmé
Arthur Rimbaud,Paul Valéry
Arthur Rimbaud,Théodore de Banville
Arthur Rimbaud,Victor Hugo
Arthur Rimbaud,Stéphane Mallarmé
Arthur Rimbaud,Charles Baudelaire
Arthur Rimbaud,Vitalie Rimbaud
Honoré d'Urfé,Pierre de Ronsard
Mouloud Mammeri,Tahar Djaout
Charlotte Delbo,Louis Aragon
Jean Racine,Marcel Proust
Antonin Artaud,Jean Racine
Charles Baudelaire,Jean Racine
Jean Racine,Pierre Corneille
Antoine de Saint-Exupéry,Francis Carco
Jacques Roumain,Oswald Durand
Oswald Durand,René Depestre
André Breton,Paul Valéry
André Breton,Jacques Roumain
André Breton,Maurice Maeterlinck
André Breton,Max Jacob
André Breton,Stéphane Mallarmé
André Breton,Arthur Rimbaud
André Breton,Jean Tardieu
André Breton,Raymond Queneau
André Breton,Pierre Reverdy
Arthur Rimbaud,Hélène Cixous
Charles Baudelaire,Marcel Proust
Charles Baudelaire,Théodore de Banville
Charles Baudelaire,Léo Ferré
Alfred de Vigny,Charles Baudelaire
Bernard Le Bouyer de Fontenelle,Thomas Corneille
Bernard Le Bouyer de Fontenelle,Voltaire
Bernard Le Bouyer de Fontenelle,Jean Racine
Bernard Le Bouyer de Fontenelle,Pierre Corneille
Raymond Queneau,René Daumal
Alfred Jarry,Raymond Queneau
Julien Gracq,Raymond Queneau
Guillaume Apollinaire,Raymond Queneau
Pierre Reverdy,Raymond Queneau
François Cheng,Fénelon
Fénelon,Maurice Genevoix
François-René de Chateaubriand,Fénelon
Fénelon,Fénelon
Fénelon,Léon Bloy
Béatrix Beck,René Maran
Max Jacob,Pierre Reverdy
Pierre Corneille,Voltaire
Christine de Pizan,Marie de Gournay
Marie de Gournay,Pierre de Ronsard
François de Malherbe,Marie de Gournay
Gustave Thibon,Léon Bloy
Léon Bloy,Victor Hugo
Anatole France,Léon Bloy
Léon Bloy,Voltaire
Charles Baudelaire,Léon Bloy
Paul Verlaine,Vitalie Rimbaud
Marcel Proust,Marcel Schwob
Marcel Schwob,Paul Valéry
Marcel Schwob,Théophile Gautier
Georges Courteline,Marcel Schwob
Jules Renard,Marcel Schwob
Marcel Schwob,Paul Verlaine
Aristide Bruant,Marcel Schwob
Marcel Schwob,Victor Hugo
Anatole France,Marcel Schwob
Jean Lorrain,Marcel Schwob
Alfred Jarry,Marcel Schwob
Alphonse Daudet,Marcel Schwob
Marcel Schwob,Pierre Louÿs
Marcel Schwob,Paul Léautaud
Marcel Schwob,Maurice Maeterlinck
François Villon,Marcel Schwob
Marcel Schwob,Max Jacob
Marcel Schwob,Robert de Montesquiou
Marcel Schwob,Paul Claudel
Catulle Mendès,Marcel Schwob
Guillaume Apollinaire,Marcel Schwob
Marcel Schwob,Paul Fort
Marcel Schwob,Stéphane Mallarmé
Charles Baudelaire,Marcel Schwob
Aimé Césaire,Jean Genet
